Stop_name,Stop_lat,Stop_long
Cheltenham,-37.966997,145.054689
Clayton,-37.924537,145.120677
Monash,-37.903246,145.140032
Glen Waverley,-37.879616,145.162513
Burwood,-37.852126,145.105352
Box Hill,-37.818338,145.123728
Doncaster,-37.7887,145.123566
Heidelberg,-37.756371,145.066849
Bundoora,-37.6949,145.0623
Reservoir,-37.7167,145.0078
Fawkner,-37.7147,144.9605
Broadmeadows,-37.6832,144.9196
Melbourne Airport,-37.6699,144.8403
Sunshine,-37.788,144.8326
Werribee,-37.8995,144.6609
